Property,,"Includes assessments, taxes, and violations"
Abatements & Exemptions,Property,
Assessments,Property,
Violations,Property,
Zoning,Property,
Tax Balance,Property,
Public Property,Property,
Vacant Property,Property,
Taxes and Payments,,"Includes assessments, taxes, and violations"
Make a Payment,Taxes and Payments,
Business Taxes,Taxes and Payments,
Individual and Family Taxes,Taxes and Payments,
Tax Professionals,Taxes and Payments,
Rates and Forms,Taxes and Payments,
Refunds,Taxes and Payments,
Transportation & Utilities,,"Includes water, sanitation, parking"
Water,Transportation & Utilities,
Sanitation,Transportation & Utilities,
Recycling,Transportation & Utilities,
Street Closures,Transportation & Utilities,
Public Transit,Transportation & Utilities,
Parking,Transportation & Utilities,
Business,,Includes starting a business and taxes
Taxes,Business,
Register a business,Business,
eFile,Business,
Payments,Business,
Recreation,,"Includes parks, facilities, programs, and events"
Facilities & Rec Centers,Recreation,
Parks,Recreation,
Trails,Recreation,
Programs,Recreation,
Events,Recreation,
Obtain a Permit,Recreation,
Health,,Includes health centers and food protection
Health Centers,Health,
Food Protection,Health,
Sexual Health,Health,
Insurance,Health,
Pests,Health,
Lead,Health,
Licenses and Permits,,"Includes permit applications, tenant/landlord rights, and violation reporting and appeals"
Get a permit/license,Licenses and Permits,
Tenant/Landlord,Licenses and Permits,
Appeals,Licenses and Permits,
Violations,Licenses and Permits,
Find a licensed professional,Licenses and Permits,
Report a Problem,Licenses and Permits,
Public Safety,,Includes visiting inmates and criminal justice
Inmate Services and Facilities,Public Safety,
Victim Assistance,Public Safety,
Report Crime,Public Safety,
Obtain Case Information,Public Safety,
Vehicle Violations and Accidents,Public Safety,
Preventative Youth Programs,Public Safety,
Emergency Management,Public Safety,
Safety Training,Public Safety,